Title,Media URL,Pinterest board,Thumbnail,Description,Link,Publish date,Keywords
"Harvard Resume Template – Free, ATS-Friendly",https://pqyixgfxyeytvpjizwlz.supabase.co/storage/v1/object/public/blog-images/pinterest/harvard-a.png,ATS-Friendly Resume Templates,,"Harvard Resume Template: free Word & PDF download. Plain, text-based structure that reads correctly in applicant tracking systems like Workday and Greenhouse. Or edit it online. Made for students, new grads, finance & consulting. Paste in your current resume and get an instant ATS score before you apply.",https://www.thecvedge.com/resume-templates/ats-friendly/harvard-cv?utm_source=pinterest&utm_medium=social&utm_campaign=us_templates&utm_content=harvard-a,2026-09-30T13:00:00,"harvard resume template, free resume template, resume template, harvard resume, finance resume, consulting resume, college student resume, ats friendly resume, resume template word, resume tips"
"Simple Professional Resume Template – Free, ATS-Friendly",https://pqyixgfxyeytvpjizwlz.supabase.co/storage/v1/object/public/blog-images/pinterest/classic-a.png,ATS-Friendly Resume Templates,,"Simple Professional Resume Template: clean, one-column, recruiter-approved. Plain, text-based structure that reads correctly in applicant tracking systems like Workday and Greenhouse. Edit it free online and download a PDF. Made for any role, any career stage. Paste in your current resume and get an instant ATS score before you apply.",https://www.thecvedge.com/resume-templates/ats-friendly/classic-cv?utm_source=pinterest&utm_medium=social&utm_campaign=us_templates&utm_content=classic-a,2026-09-30T18:00:00,"simple professional resume template, free resume template, resume template, professional resume, simple resume, ats friendly resume, resume tips, job search"
"Software Engineer Resume Template – Free, ATS-Friendly",https://pqyixgfxyeytvpjizwlz.supabase.co/storage/v1/object/public/blog-images/pinterest/sharp-a.png,Tech Resume Templates,,"Software Engineer Resume Template: modern layout that still parses cleanly. Plain, text-based structure that reads correctly in applicant tracking systems like Workday and Greenhouse. Edit it free online and download a PDF. Made for software engineers & developers. Paste in your current resume and get an instant ATS score before you apply.",https://www.thecvedge.com/resume-templates/software-engineer/sharp-cv?utm_source=pinterest&utm_medium=social&utm_campaign=us_templates&utm_content=sharp-a,2026-10-01T01:00:00,"software engineer resume template, free resume template, resume template, software engineer resume, developer resume, tech resume, ats friendly resume, resume tips, job search"
"Minimalist Resume Template – Free, ATS-Friendly",https://pqyixgfxyeytvpjizwlz.supabase.co/storage/v1/object/public/blog-images/pinterest/minimal-a.png,Minimalist Resume Templates,,"Minimalist Resume Template: quiet, clean and easy to scan. Plain, text-based structure that reads correctly in applicant tracking systems like Workday and Greenhouse. Edit it free online and download a PDF. Made for engineers, analysts & career changers. Paste in your current resume and get an instant ATS score before you apply.",https://www.thecvedge.com/resume-templates/software-engineer/minimal-cv?utm_source=pinterest&utm_medium=social&utm_campaign=us_templates&utm_content=minimal-a,2026-10-01T13:00:00,"minimalist resume template, free resume template, resume template, minimalist resume, clean resume, ats friendly resume, resume tips, job search"
"Two-Column Resume Template – Free, Editable Online",https://pqyixgfxyeytvpjizwlz.supabase.co/storage/v1/object/public/blog-images/pinterest/two-column-a.png,Tech Resume Templates,,Two-Column Resume Template: fit more on one page. Edit it free online and download a PDF. Made for developers with lots of skills to show. Paste in your current resume and get an instant ATS score before you apply.,https://www.thecvedge.com/resume-templates/software-engineer/two-column-cv?utm_source=pinterest&utm_medium=social&utm_campaign=us_templates&utm_content=two-column-a,2026-10-01T18:00:00,"two-column resume template, free resume template, resume template, two column resume, developer resume, resume tips, job search"
"Executive Resume Template – Free, ATS-Friendly",https://pqyixgfxyeytvpjizwlz.supabase.co/storage/v1/object/public/blog-images/pinterest/executive-a.png,Executive Resume Templates,,"Executive Resume Template: for directors, VPs and senior leaders. Plain, text-based structure that reads correctly in applicant tracking systems like Workday and Greenhouse. Edit it free online and download a PDF. Made for senior managers, directors & VPs. Paste in your current resume and get an instant ATS score before you apply.",https://www.thecvedge.com/resume-templates/experienced/executive-cv?utm_source=pinterest&utm_medium=social&utm_campaign=us_templates&utm_content=executive-a,2026-10-02T01:00:00,"executive resume template, free resume template, resume template, executive resume, senior manager resume, ats friendly resume, resume tips, job search"
"Elegant Resume Template – Free, ATS-Friendly",https://pqyixgfxyeytvpjizwlz.supabase.co/storage/v1/object/public/blog-images/pinterest/regent-a.png,Executive Resume Templates,,"Elegant Resume Template: centered serif header, hairline rules. Plain, text-based structure that reads correctly in applicant tracking systems like Workday and Greenhouse. Edit it free online and download a PDF. Made for senior professionals. Paste in your current resume and get an instant ATS score before you apply.",https://www.thecvedge.com/resume-templates/experienced/regent-cv?utm_source=pinterest&utm_medium=social&utm_campaign=us_templates&utm_content=regent-a,2026-10-02T13:00:00,"elegant resume template, free resume template, resume template, elegant resume, executive resume, ats friendly resume, resume tips, job search"
"Professional Resume Template – Free, ATS-Friendly",https://pqyixgfxyeytvpjizwlz.supabase.co/storage/v1/object/public/blog-images/pinterest/ledger-a.png,Executive Resume Templates,,"Professional Resume Template: structured layout for experienced hires. Plain, text-based structure that reads correctly in applicant tracking systems like Workday and Greenhouse. Edit it free online and download a PDF. Made for experienced professionals. Paste in your current resume and get an instant ATS score before you apply.",https://www.thecvedge.com/resume-templates/experienced/ledger-cv?utm_source=pinterest&utm_medium=social&utm_campaign=us_templates&utm_content=ledger-a,2026-10-02T18:00:00,"professional resume template, free resume template, resume template, professional resume, experienced resume, ats friendly resume, resume tips, job search"
"Resume Template with Company Logos – Free, Editable Online",https://pqyixgfxyeytvpjizwlz.supabase.co/storage/v1/object/public/blog-images/pinterest/vantage-a.png,Modern Resume Templates,,Resume Template with Company Logos: put the employers you worked for up front. Edit it free online and download a PDF. Made for experienced hires with known employers. Paste in your current resume and get an instant ATS score before you apply.,https://www.thecvedge.com/resume-templates/experienced/vantage-cv?utm_source=pinterest&utm_medium=social&utm_campaign=us_templates&utm_content=vantage-a,2026-10-03T01:00:00,"resume template with company logos, free resume template, resume template, modern resume, resume with logos, resume tips, job search"
"Marketing Resume Template – Free, Editable Online",https://pqyixgfxyeytvpjizwlz.supabase.co/storage/v1/object/public/blog-images/pinterest/aurora-a.png,Marketing Resume Templates,,Marketing Resume Template: modern two-column layout. Edit it free online and download a PDF. Made for marketing managers & specialists. Paste in your current resume and get an instant ATS score before you apply.,https://www.thecvedge.com/resume-templates/marketing/aurora-cv?utm_source=pinterest&utm_medium=social&utm_campaign=us_templates&utm_content=aurora-a,2026-10-03T13:00:00,"marketing resume template, free resume template, resume template, marketing resume, marketing manager resume, resume tips, job search"
Harvard Resume Format for College Students (Free Word & PDF),https://pqyixgfxyeytvpjizwlz.supabase.co/storage/v1/object/public/blog-images/pinterest/harvard-students.png,Resume Templates for Students,,"The Harvard resume format is the one career centers hand out: one column, education and experience with dates on the right, no graphics. This free version is set up for college students applying to internships and first jobs. Free Word & PDF download. US Letter size. Used for finance, consulting, MBA and new grad applications.",https://www.thecvedge.com/resume-templates/ats-friendly/harvard-cv?utm_source=pinterest&utm_medium=social&utm_campaign=us_templates&utm_content=harvard-students,2026-10-03T18:00:00,"harvard resume template, free resume template, resume template, harvard resume, finance resume, consulting resume, college student resume, ats friendly resume, resume template word, resume tips"
"Modern Resume Template – Free, Editable Online",https://pqyixgfxyeytvpjizwlz.supabase.co/storage/v1/object/public/blog-images/pinterest/bold-accent-a.png,Modern Resume Templates,,Modern Resume Template: bold accents that still read cleanly. Edit it free online and download a PDF. Made for marketers & early-career professionals. Paste in your current resume and get an instant ATS score before you apply.,https://www.thecvedge.com/resume-templates/marketing/bold-accent-cv?utm_source=pinterest&utm_medium=social&utm_campaign=us_templates&utm_content=bold-accent-a,2026-10-04T01:00:00,"modern resume template, free resume template, resume template, modern resume, marketing resume, resume tips, job search"
"Colorful Resume Template – Free, Editable Online",https://pqyixgfxyeytvpjizwlz.supabase.co/storage/v1/object/public/blog-images/pinterest/coastal-a.png,Marketing Resume Templates,,"Colorful Resume Template: a teal header band that gets noticed. Edit it free online and download a PDF. Made for marketing, brand & creative roles. Paste in your current resume and get an instant ATS score before you apply.",https://www.thecvedge.com/resume-templates/marketing/coastal-cv?utm_source=pinterest&utm_medium=social&utm_campaign=us_templates&utm_content=coastal-a,2026-10-04T13:00:00,"colorful resume template, free resume template, resume template, colorful resume, marketing resume, resume tips, job search"
"Sidebar Resume Template – Free, Editable Online",https://pqyixgfxyeytvpjizwlz.supabase.co/storage/v1/object/public/blog-images/pinterest/clean-sidebar-a.png,Modern Resume Templates,,Sidebar Resume Template: skills and contact in a warm side panel. Edit it free online and download a PDF. Made for marketing analysts & coordinators. Paste in your current resume and get an instant ATS score before you apply.,https://www.thecvedge.com/resume-templates/marketing/clean-sidebar-cv?utm_source=pinterest&utm_medium=social&utm_campaign=us_templates&utm_content=clean-sidebar-a,2026-10-04T18:00:00,"sidebar resume template, free resume template, resume template, sidebar resume, marketing analyst resume, resume tips, job search"
"College Student Resume Template – Free, ATS-Friendly",https://pqyixgfxyeytvpjizwlz.supabase.co/storage/v1/object/public/blog-images/pinterest/classic-serif-a.png,Resume Templates for Students,,"College Student Resume Template: built for internships & first jobs. Plain, text-based structure that reads correctly in applicant tracking systems like Workday and Greenhouse. Edit it free online and download a PDF. Made for college students & new grads. Paste in your current resume and get an instant ATS score before you apply.",https://www.thecvedge.com/resume-templates/freshers/classic-serif-cv?utm_source=pinterest&utm_medium=social&utm_campaign=us_templates&utm_content=classic-serif-a,2026-10-05T01:00:00,"college student resume template, free resume template, resume template, college student resume, internship resume, new grad resume, ats friendly resume, resume tips, job search"
"Accountant Resume Template – Free, ATS-Friendly",https://pqyixgfxyeytvpjizwlz.supabase.co/storage/v1/object/public/blog-images/pinterest/sterling-a.png,ATS-Friendly Resume Templates,,"Accountant Resume Template: serif body, skills table, no clutter. Plain, text-based structure that reads correctly in applicant tracking systems like Workday and Greenhouse. Edit it free online and download a PDF. Made for accountants, CPAs & finance pros. Paste in your current resume and get an instant ATS score before you apply.",https://www.thecvedge.com/resume-templates/ats-friendly/sterling-cv?utm_source=pinterest&utm_medium=social&utm_campaign=us_templates&utm_content=sterling-a,2026-10-05T13:00:00,"accountant resume template, free resume template, resume template, accountant resume, cpa resume, finance resume, ats friendly resume, resume tips, job search"
"Data Analyst Resume Template – Free, ATS-Friendly",https://pqyixgfxyeytvpjizwlz.supabase.co/storage/v1/object/public/blog-images/pinterest/ember-a.png,Tech Resume Templates,,"Data Analyst Resume Template: contact and skills in a clean right rail. Plain, text-based structure that reads correctly in applicant tracking systems like Workday and Greenhouse. Edit it free online and download a PDF. Made for data analysts & BI roles. Paste in your current resume and get an instant ATS score before you apply.",https://www.thecvedge.com/resume-templates/ats-friendly/ember-cv?utm_source=pinterest&utm_medium=social&utm_campaign=us_templates&utm_content=ember-a,2026-10-05T18:00:00,"data analyst resume template, free resume template, resume template, data analyst resume, analyst resume, ats friendly resume, resume tips, job search"
"Sales Resume Template – Free, ATS-Friendly",https://pqyixgfxyeytvpjizwlz.supabase.co/storage/v1/object/public/blog-images/pinterest/canopy-a.png,ATS-Friendly Resume Templates,,"Sales Resume Template: with an Achievements section for your wins. Plain, text-based structure that reads correctly in applicant tracking systems like Workday and Greenhouse. Edit it free online and download a PDF. Made for account executives & sales leaders. Paste in your current resume and get an instant ATS score before you apply.",https://www.thecvedge.com/resume-templates/ats-friendly/canopy-cv?utm_source=pinterest&utm_medium=social&utm_campaign=us_templates&utm_content=canopy-a,2026-10-06T01:00:00,"sales resume template, free resume template, resume template, sales resume, account executive resume, ats friendly resume, resume tips, job search"
"Creative Resume Template – Free, Editable Online",https://pqyixgfxyeytvpjizwlz.supabase.co/storage/v1/object/public/blog-images/pinterest/portrait-a.png,Creative Resume Templates,,"Creative Resume Template: split-weight name, confident layout. Edit it free online and download a PDF. Made for designers & creative professionals. Paste in your current resume and get an instant ATS score before you apply.",https://www.thecvedge.com/resume-templates/creative/portrait-cv?utm_source=pinterest&utm_medium=social&utm_campaign=us_templates&utm_content=portrait-a,2026-10-06T13:00:00,"creative resume template, free resume template, resume template, creative resume, designer resume, resume tips, job search"
"Graphic Designer Resume Template – Free, Editable Online",https://pqyixgfxyeytvpjizwlz.supabase.co/storage/v1/object/public/blog-images/pinterest/orchid-a.png,Creative Resume Templates,,"Graphic Designer Resume Template: warm sidebar with accent headings. Edit it free online and download a PDF. Made for graphic, UX & product designers. Paste in your current resume and get an instant ATS score before you apply.",https://www.thecvedge.com/resume-templates/creative/orchid-cv?utm_source=pinterest&utm_medium=social&utm_campaign=us_templates&utm_content=orchid-a,2026-10-06T18:00:00,"graphic designer resume template, free resume template, resume template, graphic designer resume, ux designer resume, resume tips, job search"
"Startup Resume Template – Free, Editable Online",https://pqyixgfxyeytvpjizwlz.supabase.co/storage/v1/object/public/blog-images/pinterest/meridian-a.png,Creative Resume Templates,,"Startup Resume Template: for founders and product people. Edit it free online and download a PDF. Made for founders, PMs & startup hires. Paste in your current resume and get an instant ATS score before you apply.",https://www.thecvedge.com/resume-templates/creative/meridian-cv?utm_source=pinterest&utm_medium=social&utm_campaign=us_templates&utm_content=meridian-a,2026-10-07T01:00:00,"startup resume template, free resume template, resume template, startup resume, product manager resume, resume tips, job search"
"Minimalist Two-Column Resume – Free, Editable Online",https://pqyixgfxyeytvpjizwlz.supabase.co/storage/v1/object/public/blog-images/pinterest/linen-a.png,Minimalist Resume Templates,,"Minimalist Two-Column Resume: off-white canvas, diamond-marked divider. Edit it free online and download a PDF. Made for designers & creative professionals. Paste in your current resume and get an instant ATS score before you apply.",https://www.thecvedge.com/resume-templates/creative/linen-cv?utm_source=pinterest&utm_medium=social&utm_campaign=us_templates&utm_content=linen-a,2026-10-07T13:00:00,"minimalist two-column resume, free resume template, resume template, minimalist resume, aesthetic resume, resume tips, job search"
"Black and White Resume Template – Free, Editable Online",https://pqyixgfxyeytvpjizwlz.supabase.co/storage/v1/object/public/blog-images/pinterest/graphite-a.png,Minimalist Resume Templates,,Black and White Resume Template: printer-friendly and easy on the eye. Edit it free online and download a PDF. Made for any role that values a clean look. Paste in your current resume and get an instant ATS score before you apply.,https://www.thecvedge.com/resume-templates/creative/graphite-cv?utm_source=pinterest&utm_medium=social&utm_campaign=us_templates&utm_content=graphite-a,2026-10-07T18:00:00,"black and white resume template, free resume template, resume template, black and white resume, simple resume, resume tips, job search"
Free Harvard Resume Template for Students,https://pqyixgfxyeytvpjizwlz.supabase.co/storage/v1/object/public/blog-images/pinterest/harvard-b.png,Resume Templates for Students,,"Looking for a harvard resume template? This free template is built for students, new grads, finance & consulting. Plain, text-based structure that reads correctly in applicant tracking systems like Workday and Greenhouse. Download it free as a Word or PDF file, or edit it online. US Letter size, one page, with a layout recruiters can scan in seconds. No credit card needed.",https://www.thecvedge.com/resume-templates/ats-friendly/harvard-cv?utm_source=pinterest&utm_medium=social&utm_campaign=us_templates&utm_content=harvard-b,2026-10-08T01:00:00,"harvard resume template, free resume template, resume template, harvard resume, finance resume, consulting resume, college student resume, ats friendly resume, resume template word, resume tips"
Free Simple Professional Resume Template for Any Role,https://pqyixgfxyeytvpjizwlz.supabase.co/storage/v1/object/public/blog-images/pinterest/classic-b.png,ATS-Friendly Resume Templates,,"Looking for a simple professional resume template? This free template is built for any role, any career stage. Plain, text-based structure that reads correctly in applicant tracking systems like Workday and Greenhouse. Edit it free online and download a PDF. US Letter size, one page, with a layout recruiters can scan in seconds. No credit card needed.",https://www.thecvedge.com/resume-templates/ats-friendly/classic-cv?utm_source=pinterest&utm_medium=social&utm_campaign=us_templates&utm_content=classic-b,2026-10-08T13:00:00,"simple professional resume template, free resume template, resume template, professional resume, simple resume, ats friendly resume, resume tips, job search"
Free Software Engineer Resume Template for Software Engineers,https://pqyixgfxyeytvpjizwlz.supabase.co/storage/v1/object/public/blog-images/pinterest/sharp-b.png,Tech Resume Templates,,"Looking for a software engineer resume template? This free template is built for software engineers & developers. Plain, text-based structure that reads correctly in applicant tracking systems like Workday and Greenhouse. Edit it free online and download a PDF. US Letter size, one page, with a layout recruiters can scan in seconds. No credit card needed.",https://www.thecvedge.com/resume-templates/software-engineer/sharp-cv?utm_source=pinterest&utm_medium=social&utm_campaign=us_templates&utm_content=sharp-b,2026-10-08T18:00:00,"software engineer resume template, free resume template, resume template, software engineer resume, developer resume, tech resume, ats friendly resume, resume tips, job search"
Free Minimalist Resume Template for Engineers,https://pqyixgfxyeytvpjizwlz.supabase.co/storage/v1/object/public/blog-images/pinterest/minimal-b.png,Minimalist Resume Templates,,"Looking for a minimalist resume template? This free template is built for engineers, analysts & career changers. Plain, text-based structure that reads correctly in applicant tracking systems like Workday and Greenhouse. Edit it free online and download a PDF. US Letter size, one page, with a layout recruiters can scan in seconds. No credit card needed.",https://www.thecvedge.com/resume-templates/software-engineer/minimal-cv?utm_source=pinterest&utm_medium=social&utm_campaign=us_templates&utm_content=minimal-b,2026-10-09T01:00:00,"minimalist resume template, free resume template, resume template, minimalist resume, clean resume, ats friendly resume, resume tips, job search"
Free Two-Column Resume Template for Developers With Lots Of Skills To Show,https://pqyixgfxyeytvpjizwlz.supabase.co/storage/v1/object/public/blog-images/pinterest/two-column-b.png,Tech Resume Templates,,"Looking for a two-column resume template? This free template is built for developers with lots of skills to show. Edit it free online and download a PDF. US Letter size, one page, with a layout recruiters can scan in seconds. No credit card needed.",https://www.thecvedge.com/resume-templates/software-engineer/two-column-cv?utm_source=pinterest&utm_medium=social&utm_campaign=us_templates&utm_content=two-column-b,2026-10-09T13:00:00,"two-column resume template, free resume template, resume template, two column resume, developer resume, resume tips, job search"
Free Executive Resume Template for Senior Managers,https://pqyixgfxyeytvpjizwlz.supabase.co/storage/v1/object/public/blog-images/pinterest/executive-b.png,Executive Resume Templates,,"Looking for a executive resume template? This free template is built for senior managers, directors & VPs. Plain, text-based structure that reads correctly in applicant tracking systems like Workday and Greenhouse. Edit it free online and download a PDF. US Letter size, one page, with a layout recruiters can scan in seconds. No credit card needed.",https://www.thecvedge.com/resume-templates/experienced/executive-cv?utm_source=pinterest&utm_medium=social&utm_campaign=us_templates&utm_content=executive-b,2026-10-09T18:00:00,"executive resume template, free resume template, resume template, executive resume, senior manager resume, ats friendly resume, resume tips, job search"
Free Elegant Resume Template for Senior Professionals,https://pqyixgfxyeytvpjizwlz.supabase.co/storage/v1/object/public/blog-images/pinterest/regent-b.png,Executive Resume Templates,,"Looking for a elegant resume template? This free template is built for senior professionals. Plain, text-based structure that reads correctly in applicant tracking systems like Workday and Greenhouse. Edit it free online and download a PDF. US Letter size, one page, with a layout recruiters can scan in seconds. No credit card needed.",https://www.thecvedge.com/resume-templates/experienced/regent-cv?utm_source=pinterest&utm_medium=social&utm_campaign=us_templates&utm_content=regent-b,2026-10-10T01:00:00,"elegant resume template, free resume template, resume template, elegant resume, executive resume, ats friendly resume, resume tips, job search"
Free Professional Resume Template for Experienced Professionals,https://pqyixgfxyeytvpjizwlz.supabase.co/storage/v1/object/public/blog-images/pinterest/ledger-b.png,Executive Resume Templates,,"Looking for a professional resume template? This free template is built for experienced professionals. Plain, text-based structure that reads correctly in applicant tracking systems like Workday and Greenhouse. Edit it free online and download a PDF. US Letter size, one page, with a layout recruiters can scan in seconds. No credit card needed.",https://www.thecvedge.com/resume-templates/experienced/ledger-cv?utm_source=pinterest&utm_medium=social&utm_campaign=us_templates&utm_content=ledger-b,2026-10-10T13:00:00,"professional resume template, free resume template, resume template, professional resume, experienced resume, ats friendly resume, resume tips, job search"
Free Resume Template with Company Logos for Experienced Hires With Known Employers,https://pqyixgfxyeytvpjizwlz.supabase.co/storage/v1/object/public/blog-images/pinterest/vantage-b.png,Modern Resume Templates,,"Looking for a resume template with company logos? This free template is built for experienced hires with known employers. Edit it free online and download a PDF. US Letter size, one page, with a layout recruiters can scan in seconds. No credit card needed.",https://www.thecvedge.com/resume-templates/experienced/vantage-cv?utm_source=pinterest&utm_medium=social&utm_campaign=us_templates&utm_content=vantage-b,2026-10-10T18:00:00,"resume template with company logos, free resume template, resume template, modern resume, resume with logos, resume tips, job search"
Free Marketing Resume Template for Marketing Managers,https://pqyixgfxyeytvpjizwlz.supabase.co/storage/v1/object/public/blog-images/pinterest/aurora-b.png,Marketing Resume Templates,,"Looking for a marketing resume template? This free template is built for marketing managers & specialists. Edit it free online and download a PDF. US Letter size, one page, with a layout recruiters can scan in seconds. No credit card needed.",https://www.thecvedge.com/resume-templates/marketing/aurora-cv?utm_source=pinterest&utm_medium=social&utm_campaign=us_templates&utm_content=aurora-b,2026-10-11T01:00:00,"marketing resume template, free resume template, resume template, marketing resume, marketing manager resume, resume tips, job search"
Harvard Resume Template in Word – Free Download,https://pqyixgfxyeytvpjizwlz.supabase.co/storage/v1/object/public/blog-images/pinterest/harvard-word.png,ATS-Friendly Resume Templates,,"Want the Harvard resume template as a Word document? Download the blank .docx free, no signup, and fill it in offline. Or open it in CVEdge, paste your current resume and get a scored version in minutes. Free Word & PDF download. US Letter size. Used for finance, consulting, MBA and new grad applications.",https://www.thecvedge.com/resume-templates/ats-friendly/harvard-cv?utm_source=pinterest&utm_medium=social&utm_campaign=us_templates&utm_content=harvard-word,2026-10-11T13:00:00,"harvard resume template, free resume template, resume template, harvard resume, finance resume, consulting resume, college student resume, ats friendly resume, resume template word, resume tips"
Free Modern Resume Template for Marketers,https://pqyixgfxyeytvpjizwlz.supabase.co/storage/v1/object/public/blog-images/pinterest/bold-accent-b.png,Modern Resume Templates,,"Looking for a modern resume template? This free template is built for marketers & early-career professionals. Edit it free online and download a PDF. US Letter size, one page, with a layout recruiters can scan in seconds. No credit card needed.",https://www.thecvedge.com/resume-templates/marketing/bold-accent-cv?utm_source=pinterest&utm_medium=social&utm_campaign=us_templates&utm_content=bold-accent-b,2026-10-11T18:00:00,"modern resume template, free resume template, resume template, modern resume, marketing resume, resume tips, job search"
Free Colorful Resume Template for Marketing,https://pqyixgfxyeytvpjizwlz.supabase.co/storage/v1/object/public/blog-images/pinterest/coastal-b.png,Marketing Resume Templates,,"Looking for a colorful resume template? This free template is built for marketing, brand & creative roles. Edit it free online and download a PDF. US Letter size, one page, with a layout recruiters can scan in seconds. No credit card needed.",https://www.thecvedge.com/resume-templates/marketing/coastal-cv?utm_source=pinterest&utm_medium=social&utm_campaign=us_templates&utm_content=coastal-b,2026-10-12T01:00:00,"colorful resume template, free resume template, resume template, colorful resume, marketing resume, resume tips, job search"
Free Sidebar Resume Template for Marketing Analysts,https://pqyixgfxyeytvpjizwlz.supabase.co/storage/v1/object/public/blog-images/pinterest/clean-sidebar-b.png,Modern Resume Templates,,"Looking for a sidebar resume template? This free template is built for marketing analysts & coordinators. Edit it free online and download a PDF. US Letter size, one page, with a layout recruiters can scan in seconds. No credit card needed.",https://www.thecvedge.com/resume-templates/marketing/clean-sidebar-cv?utm_source=pinterest&utm_medium=social&utm_campaign=us_templates&utm_content=clean-sidebar-b,2026-10-12T13:00:00,"sidebar resume template, free resume template, resume template, sidebar resume, marketing analyst resume, resume tips, job search"
Free College Student Resume Template for College Students,https://pqyixgfxyeytvpjizwlz.supabase.co/storage/v1/object/public/blog-images/pinterest/classic-serif-b.png,Resume Templates for Students,,"Looking for a college student resume template? This free template is built for college students & new grads. Plain, text-based structure that reads correctly in applicant tracking systems like Workday and Greenhouse. Edit it free online and download a PDF. US Letter size, one page, with a layout recruiters can scan in seconds. No credit card needed.",https://www.thecvedge.com/resume-templates/freshers/classic-serif-cv?utm_source=pinterest&utm_medium=social&utm_campaign=us_templates&utm_content=classic-serif-b,2026-10-12T18:00:00,"college student resume template, free resume template, resume template, college student resume, internship resume, new grad resume, ats friendly resume, resume tips, job search"
