priority,name,url,type,contact_type,contact,already_listed,status
1,Zapier: The 6 best AI resume builders in 2026,https://zapier.com/blog/best-resume-builder/,roundup,form,https://zapier-blog-suggestions.zapier.app/,no,not sent
2,Axis Intelligence: Best Free AI Resume Builders 2026,https://axis-intelligence.com/best-free-ai-resume-builders-2026-guide/,roundup,email,editorial@axis-intelligence.com,no,not sent
3,Study International: 11 best resume-maker apps (Ashreena Kaur),https://studyinternational.com/news/best-resume-maker-apps/,roundup,email,editor@studyinternational.com,no,not sent
4,Recruitment.com: Best Resume Builders for 2026 (Amanda Menin),https://recruitment.com/recommendations/resume-builders-2026,roundup,email,contact@recruitment.com,no,not sent
5,Pomona College: U.S. Resume Tips for International Students,https://cdo.pomona.edu/resources/u-s-resume-tips-for-international-students/,university,email,cdo@pomona.edu,no,not sent
6,UMBC Career Center: AI tools + international students pages,https://careers.umbc.edu/tools/ai/,university,email,careers@umbc.edu,no,not sent
7,University of Pittsburgh: International Student OPT/CPT and Job Search Resources,https://careercentral.pitt.edu/resources/international-student-opt-cpt-and-job-search-resources/,university,email,careers@pitt.edu,no,not sent
8,Indeed Flex: Best Free Resume Builders 2026,https://indeedflex.com/career-hub/guides/best-resume-builders-2026,roundup,linkedin,Nick Kera (editor); backup Adrien Enjalbert,no,not sent
9,Weekday: Best 30 Free Resume Builders in 2026,https://www.weekday.works/post/and-best-30-free-resume-builders-in-2026-most-comprehensive-list,roundup,email,founders@weekday.works,no,not sent
10,Texas Tech Career Center: International Student Career Resources,https://www.depts.ttu.edu/careercenter/careerdevelopment/international.php,university,email,careercenter@ttu.edu,no,not sent
11,Tufts Career Center: International Students,https://careers.tufts.edu/channels/international-students/,university,email,careercenter@tufts.edu,no,not sent
12,University of Oregon Career Center: International Students,https://career.uoregon.edu/international-students,university,email,career@uoregon.edu,no,not sent
13,Reynolds Community College library: Resources for Job Seekers,https://libguides.reynolds.edu/c.php?g=163168&p=1071980,library guide,form,https://library.reynolds.edu/contact/,no,not sent
14,Austin Community College library: Resumes & Cover Letters,https://researchguides.austincc.edu/careerinfo/resumes,library guide,form,https://library.austincc.edu/help/ask.php,no,not sent
15,Oakton College library: Creating Resumes and Cover Letters,https://researchguides.oakton.edu/careers/resumes,library guide,form,https://asklibrary.oakton.edu/,no,not sent
16,OfficeChai: 18 Best AI Tools for Resume,https://officechai.com/learn/ai-tools-for-resume/,roundup,email,contact@officechai.com,no,not sent
17,Career Sidekick: 10 Best Free Resume Builders (Biron Clark),https://careersidekick.com/best-resume-builders/,roundup,form,https://careersidekick.com/contact/,no,not sent
18,Case Western Reserve: Career Resources for International Students,https://case.edu/studentlife/careercenter/career-development/career-resources/career-resources-international-students,university,email,careers@case.edu,no,not sent
19,George Mason University: International Students,https://careers.gmu.edu/international-students,university,email,careers@gmu.edu,no,not sent
20,UT Dallas Career Center: International Students,https://career.utdallas.edu/career-resource-library/international-students/,university,email,careercenter@utdallas.edu,no,not sent
21,Oregon State: Career Resources for International Students,https://career.oregonstate.edu/students/career-resources-international-students,university,email,career@oregonstate.edu,no,not sent
22,UC San Diego: Career Resources for International Students,https://career.ucsd.edu/who-we-serve/students/international.html,university,email,careercenter@ucsd.edu,no,not sent
23,Notre Dame: Resources for International Students,https://undergradcareers.nd.edu/programs/international-students/,university,email,careerdevelopment@nd.edu,no,not sent
24,Marquette: International Student Resources,https://marquette.edu/career-center/resources/international-student-resources.php,university,email,career.center@marquette.edu,no,not sent
25,Northeastern NU PLACE: International career resources,https://nuplace.northeastern.edu/services/career-identity-resources/international/,university,email,NUPLACE@northeastern.edu,no,not sent
26,USC Career Center: International Students,https://careers.usc.edu/channels/international-students/,university,email,careers@usc.edu,no,not sent
27,Toolytica: Best ATS Resume Scanners in 2026,https://toolytica.com/best-ats-resume-scanners/,roundup,email,contact@toolytica.com,no,not sent
28,Indie Hackers: 8 Best Resume Builders 2026 (nemek),https://www.indiehackers.com/post/8-best-resume-builders-2026-detailed-comparison-guide-bb8c36d7ea,community,comment,Comment on post or write own IH post,no,not sent
29,Monster: 10 Best Resume Builders in 2026 (Kirsten Chorpenning),https://www.monster.com/career-advice/resume/best-resume-builders-today,roundup,linkedin,Kirsten Chorpenning,unverified (page blocks bots),not sent
30,FlexJobs: 7 Best Resume Builders in 2026,https://www.flexjobs.com/blog/post/best-resume-builders-today-ranked,roundup,author,Author byline on page (not verified; page timed out),unverified (page timed out),not sent
31,TechRadar: Best resume builder (still titled 2025),https://www.techradar.com/best/best-resume-builder,roundup,author,Author byline on page (not readable by fetch),no,not sent
32,Apollo Technical: 7 Best Resume Builder Tools of 2026,https://www.apollotechnical.com/best-resume-builder-tools/,roundup,linkedin,Donna Caluag,no,not sent
33,Talent First (Substack): +30 AI Tools for Job Seekers,https://talentfirst.substack.com/p/30-ai-tools-for-job-seekers,newsletter,substack,Ramón Rodrigáñez / Andrea Marino via Substack,no,not sent
